record_id,redacted_data_json,is_pii
1,"{""customer_id"": ""CUST001"", ""phone"": ""XXXXXXXX10"", ""order_value"": 1299}",True
2,"{""name"": ""RXXXXXXXXXXX"", ""email"": ""raXXX@email.com"", ""city"": ""Mumbai""}",True
3,"{""first_name"": ""PXXXX"", ""product"": ""iPhone 14"", ""category"": ""Electronics""}",True
4,"{""aadhar"": ""1234 XXXX XXXX 9012"", ""transaction_type"": ""purchase""}",True
5,"{""email"": ""stXXX@email.com"", ""product_id"": ""PROD123""}",True
6,"{""name"": ""AXXXXXXXXX"", ""address"": ""[REDACTED_PII]"", ""ip_address"": ""[REDACTED_PII]""}",True
7,"{""city"": ""Delhi"", ""pin_code"": ""110001"", ""product_category"": ""Fashion""}",False
8,"{""upi_id"": ""usXXX@paytm"", ""amount"": 500}",True
9,"{""last_name"": ""SXXXXX"", ""order_id"": ""ORD789456""}",True
10,"{""passport"": ""[REDACTED_PII]"", ""booking_reference"": ""BK123""}",True
11,"{""device_id"": ""DEV456789"", ""app_version"": ""2.1.4""}",False
12,"{""name"": ""SXXXXXXXXXX"", ""email"": ""snXXX@gmail.com"", ""device_id"": ""MOB123456""}",True
13,"{""transaction_id"": ""TXN987654"", ""amount"": 2500, ""status"": ""completed""}",False
14,"{""phone"": ""XXXXXXXX09"", ""order_date"": ""2024-01-15""}",True
15,"{""state"": ""Maharashtra"", ""product_name"": ""LXXXXXXXXX""}",True
16,"{""name"": ""VXXXXXXXXXXX"", ""address"": ""[REDACTED_PII]"", ""email"": ""viXXX@company.com""}",True
17,"{""first_name"": ""AXXXX"", ""last_name_initial"": ""K"", ""age"": 28}",True
18,"{""aadhar"": ""9876 XXXX XXXX 1098"", ""verification_status"": ""verified""}",True
19,"{""email"": ""cuXXX@service.com"", ""query_type"": ""refund""}",True
20,"{""upi_id"": ""usXXX@ybl"", ""merchant"": ""Flipkart""}",True
21,"{""product_description"": ""[REDACTED_PII]"", ""price"": 65000}",True
22,"{""name"": ""DXXXXXXXXXXXXXX"", ""phone"": ""XXXXXXXX56"", ""email"": ""deXXX@email.com""}",True
23,"{""pin_code"": ""400001"", ""delivery_date"": ""2024-02-10""}",False
24,"{""passport"": ""[REDACTED_PII]"", ""travel_date"": ""2024-03-15""}",True
25,"{""customer_segment"": ""Premium"", ""loyalty_points"": 1500}",False
26,"{""name"": ""RXXXXXXXXX"", ""address"": ""[REDACTED_PII]"", ""ip_address"": ""[REDACTED_PII]""}",True
27,"{""order_type"": ""Express"", ""shipping_method"": ""[REDACTED_PII]""}",True
28,"{""phone"": ""XXXXXXXX45"", ""sms_consent"": true}",True
29,"{""username"": ""tXXXXXXX"", ""last_login"": ""2024-01-20""}",True
30,"{""aadhar"": ""4567 XXXX XXXX 3045"", ""kyc_status"": ""pending""}",True
31,"{""category"": ""Books"", ""author"": ""Chetan Bhagat""}",False
32,"{""name"": ""MXXXXXXXXXX"", ""email"": ""meXXX@workplace.com"", ""device_type"": ""Android""}",True
33,"{""session_id"": ""SESS789123"", ""duration"": ""45 minutes""}",False
34,"{""upi_id"": ""usXXX@okaxis"", ""payment_method"": ""UPI""}",True
35,"{""region"": ""North India"", ""warehouse_code"": ""WH001""}",False
36,"{""name"": ""AXXXXXXXXXXXXX"", ""address"": ""[REDACTED_PII]"", ""phone"": ""XXXXXXXX78""}",True
37,"{""subscription_type"": ""[REDACTED_PII]"", ""renewal_date"": ""2024-06-15""}",True
38,"{""passport"": ""[REDACTED_PII]"", ""country"": ""India""}",True
39,"{""first_name"": ""KXXXX"", ""gender"": ""Female"", ""age_group"": ""25-35""}",True
40,"{""aadhar"": ""2345 XXXX XXXX 0123"", ""bank_verification"": ""success""}",True
41,"{""brand"": ""Nike"", ""model"": ""Air Max"", ""size"": ""9""}",False
42,"{""name"": ""SXXXXXXXXXXXXX"", ""email"": ""siXXX@tech.com"", ""ip_address"": ""[REDACTED_PII]""}",True
43,"{""currency"": ""INR"", ""exchange_rate"": 83.25}",False
44,"{""phone"": ""XXXXXXXX67"", ""notification_preference"": ""SMS""}",True
45,"{""product_rating"": 4.5, ""review_count"": 150}",False
46,"{""upi_id"": ""usXXX@ibl"", ""family_size"": 4}",True
47,"{""zip_code"": ""[REDACTED_PII]"", ""delivery_zone"": ""Zone_A""}",True
48,"{""name"": ""PXXXXXXXXXX"", ""address"": ""[REDACTED_PII]"", ""email"": ""poXXX@email.in""}",True
49,"{""app_name"": ""FXXXXXXX"", ""version"": ""8.21.0""}",True
50,"{""passport"": ""[REDACTED_PII]"", ""issue_date"": ""2020-05-10""}",True
51,"{""last_name"": ""IXXX"", ""profession"": ""Software Engineer""}",True
52,"{""aadhar"": ""3456 XXXX XXXX 1234"", ""address_proof"": ""[REDACTED_PII]""}",True
53,"{""email"": ""suXXX@flipkart.com"", ""ticket_id"": ""TICK456""}",True
54,"{""name"": ""RXXXXXXXXXXXXX"", ""phone"": ""XXXXXXXX89"", ""device_id"": ""ANDROID789""}",True
55,"{""search_query"": ""bluetooth headphones"", ""filters"": ""price,brand""}",False
56,"{""upi_id"": ""usXXX@paytm"", ""auto_debit"": true}",True
57,"{""state_code"": ""MH"", ""gst_number"": ""27ABCDE1234F1Z5""}",False
58,"{""name"": ""LXXXXXXXXXXXXX"", ""email"": ""laXXX@company.org"", ""address"": ""[REDACTED_PII]""}",True
59,"{""feature_flag"": ""new_checkout"", ""enabled"": true}",False
60,"{""phone"": ""XXXXXXXX12"", ""otp_verification"": ""pending""}",True
61,"{""discount_code"": ""SAVE20"", ""validity"": ""2024-03-31""}",False
62,"{""passport"": ""[REDACTED_PII]"", ""nationality"": ""Indian""}",True
63,"{""first_name"": ""RXXXX"", ""wishlist_count"": 15}",True
64,"{""aadhar"": ""5678 XXXX XXXX 3456"", ""biometric_status"": ""matched""}",True
65,"{""payment_gateway"": ""Razorpay"", ""transaction_fee"": 25}",False
66,"{""name"": ""NXXXXXXXXXXX"", ""address"": ""[REDACTED_PII]"", ""ip_address"": ""[REDACTED_PII]""}",True
67,"{""inventory_id"": ""INV789"", ""stock_level"": 50}",False
68,"{""upi_id"": ""usXXX@axisbank"", ""merchant_category"": ""retail""}",True
69,"{""city"": ""Hyderabad"", ""weather"": ""partly_cloudy""}",False
70,"{""phone"": ""XXXXXXXX23"", ""call_preference"": ""evening""}",True
71,"{""coupon_code"": ""FIRST10"", ""usage_count"": 1}",False
72,"{""name"": ""KXXXXXXXXXXXXXXXXXX"", ""email"": ""kaXXX@work.com"", ""device_type"": ""iOS""}",True
73,"{""logistics_partner"": ""BlueDart"", ""tracking_id"": ""BD123456789""}",False
74,"{""passport"": ""[REDACTED_PII]"", ""expiry_date"": ""2030-12-15""}",True
75,"{""age"": 32, ""income_bracket"": ""middle_class""}",False
76,"{""aadhar"": ""6789 XXXX XXXX 4567"", ""mobile_linked"": ""True""}",True
77,"{""return_reason"": ""size_issue"", ""refund_amount"": 899}",False
78,"{""name"": ""DXXXXXXXXXXX"", ""phone"": ""XXXXXXXX90"", ""email"": ""diXXX@personal.com""}",True
79,"{""seller_id"": ""SELLER001"", ""rating"": 4.2}",False
80,"{""upi_id"": ""usXXX@hdfcbank"", ""settlement_cycle"": ""T+2""}",True
81,"{""recommendation_type"": ""collaborative"", ""confidence"": 0.85}",False
82,"{""name"": ""MXXXXXXXXXXXXX"", ""address"": ""[REDACTED_PII]"", ""email"": ""maXXX@email.com""}",True
83,"{""api_version"": ""v2.1"", ""response_time"": ""120ms""}",False
84,"{""phone"": ""XXXXXXXX23"", ""language_preference"": ""Hindi""}",True
85,"{""last_name"": ""RXXXX"", ""occupation"": ""Doctor""}",True
86,"{""passport"": ""[REDACTED_PII]"", ""visa_required"": false}",True
87,"{""affiliate_id"": ""AFF789"", ""commission_rate"": 5}",False
88,"{""aadhar"": ""7890 XXXX XXXX 5678"", ""ekyc_timestamp"": ""2024-01-15T10:30:00Z""}",True
89,"{""utm_source"": ""google"", ""campaign"": ""winter_sale""}",False
90,"{""name"": ""AXXXXXXXXX"", ""email"": ""anXXX@university.edu"", ""ip_address"": ""[REDACTED_PII]""}",True
91,"{""fraud_score"": 0.15, ""risk_level"": ""low""}",False
92,"{""upi_id"": ""usXXX@ybl"", ""bank_name"": ""SXXXXXXXXX""}",True
93,"{""search_filter"": ""electronics"", ""sort_by"": ""price_low_to_high""}",False
94,"{""phone"": ""XXXXXXXX90"", ""two_factor_auth"": true}",True
95,"{""first_name"": ""AXXX"", ""cart_value"": 2500}",True
96,"{""name"": ""PXXXXXXXXXXXXXX"", ""address"": ""[REDACTED_PII]"", ""phone"": ""XXXXXXXX45""}",True
97,"{""machine_learning_model"": ""recommendation_v3"", ""accuracy"": 0.92}",False
98,"{""passport"": ""[REDACTED_PII]"", ""place_of_issue"": ""Mumbai""}",True
99,"{""city"": ""Bangalore"", ""traffic_condition"": ""moderate""}",False
100,"{""aadhar"": ""8901 XXXX XXXX 6789"", ""consent_given"": true}",True
101,"{""email"": ""neXXX@flipkart.com"", ""unsubscribe_rate"": 0.02}",True
102,"{""name"": ""SXXXXXXXXXXXX"", ""email"": ""suXXX@office.com"", ""device_id"": ""TAB456789""}",True
103,"{""performance_metric"": ""page_load_time"", ""value"": ""2.1s""}",False
104,"{""upi_id"": ""usXXX@kotak"", ""limit_daily"": 50000}",True
105,"{""last_name"": ""GXXXX"", ""education"": ""MBA""}",True
106,"{""phone"": ""XXXXXXXX67"", ""marketing_consent"": false}",True
107,"{""analytics_event"": ""product_view"", ""timestamp"": ""2024-01-20T14:22:33Z""}",False
108,"{""name"": ""RXXXXXXXXXX"", ""address"": ""[REDACTED_PII]"", ""email"": ""raXXX@workplace.in""}",True
109,"{""cache_hit_ratio"": 0.78, ""response_cached"": true}",False
110,"{""passport"": ""[REDACTED_PII]"", ""passport_type"": ""[REDACTED_PII]""}",True
111,"{""first_name"": ""VXXXX"", ""subscription_status"": ""[REDACTED_PII]""}",True
112,"{""aadhar"": ""9012 XXXX XXXX 7890"", ""demographic_verified"": true}",True
113,"{""a_b_test"": ""checkout_flow_v2"", ""variant"": ""B""}",False
114,"{""name"": ""KXXXXXXXXXXX"", ""phone"": ""XXXXXXXX01"", ""email"": ""kaXXX@gmail.com""}",True
115,"{""geo_location"": ""lat:12.9716,lng:77.5946"", ""accuracy"": ""10m""}",False
116,"{""upi_id"": ""usXXX@paytm"", ""merchant_type"": ""individual""}",True
117,"{""database_query"": ""SELECT * FROM products"", ""execution_time"": ""45ms""}",False
118,"{""phone"": ""XXXXXXXX10"", ""device_brand"": ""Samsung""}",True
119,"{""last_name"": ""SXXXX"", ""marital_status"": ""married""}",True
120,"{""name"": ""AXXXXXXXXXXX"", ""address"": ""[REDACTED_PII]"", ""ip_address"": ""[REDACTED_PII]""}",True
121,"{""content_type"": ""application/json"", ""encoding"": ""utf-8""}",False
122,"{""passport"": ""[REDACTED_PII]"", ""biometric_enrolled"": true}",True
123,"{""city"": ""Coimbatore"", ""pincode"": ""641001""}",False
124,"{""aadhar"": ""0123 XXXX XXXX 8901"", ""otp_verified"": true}",True
125,"{""recommendation_engine"": ""neural_cf"", ""training_date"": ""2024-01-01""}",False
126,"{""name"": ""GXXXXXXXXXXX"", ""email"": ""geXXX@company.com"", ""device_type"": ""Desktop""}",True
127,"{""webhook_url"": ""https://api.example.com/webhook"", ""status"": ""active""}",False
128,"{""upi_id"": ""usXXX@icici"", ""autopay_enabled"": false}",True
129,"{""first_name"": ""MXXXX"", ""preferred_language"": ""English""}",True
130,"{""phone"": ""XXXXXXXX12"", ""carrier"": ""Airtel""}",True
131,"{""inventory_turnover"": 4.2, ""stock_out_rate"": 0.08}",False
132,"{""name"": ""SXXXXXXXXXXXX"", ""address"": ""[REDACTED_PII]"", ""phone"": ""XXXXXXXX79""}",True
133,"{""service_level"": ""premium"", ""response_time_sla"": ""< 1 hour""}",False
134,"{""passport"": ""[REDACTED_PII]"", ""emergency_contact"": ""+91-XXXXXXXX10""}",True
135,"{""last_name"": ""NXXX"", ""hobby"": ""photography""}",True
136,"{""aadhar"": ""1234 XXXX XXXX 7654"", ""photo_verification"": ""passed""}",True
137,"{""feature_toggle"": ""new_ui"", ""rollout_percentage"": 25}",False
138,"{""name"": ""HXXXXXXXXXXX"", ""email"": ""haXXX@tech.org"", ""ip_address"": ""[REDACTED_PII]""}",True
139,"{""data_pipeline"": ""[REDACTED_PII]"", ""processed_records"": 1000000}",True
140,"{""upi_id"": ""usXXX@ybl"", ""transaction_limit"": 100000}",True
141,"{""search_algorithm"": ""elasticsearch"", ""index_size"": ""2.5GB""}",False
142,"{""phone"": ""XXXXXXXX89"", ""roaming_status"": false}",True
143,"{""city"": ""Kochi"", ""state"": ""Kerala""}",False
144,"{""name"": ""RXXXXXXXXXXXX"", ""address"": ""[REDACTED_PII]"", ""email"": ""riXXX@company.net""}",True
145,"{""microservice"": ""user_service"", ""health_status"": ""healthy""}",False
146,"{""passport"": ""[REDACTED_PII]"", ""pages_remaining"": 28}",True
147,"{""first_name"": ""DXXXXX"", ""loyalty_tier"": ""gold""}",True
148,"{""aadhar"": ""2345 XXXX XXXX 8765"", ""fingerprint_matched"": true}",True
149,"{""cdn_cache"": ""cloudflare"", ""hit_ratio"": 0.89}",False
150,"{""name"": ""PXXXXXXXXXXXXXXXXX"", ""phone"": ""XXXXXXXX56"", ""email"": ""prXXX@personal.in""}",True
151,"{""log_level"": ""INFO"", ""message"": ""Transaction completed successfully""}",False
152,"{""upi_id"": ""usXXX@sbi"", ""beneficiary_count"": 3}",True
153,"{""machine_id"": ""ML789"", ""cpu_utilization"": 65}",False
154,"{""phone"": ""XXXXXXXX23"", ""do_not_disturb"": true}",True
155,"{""last_name"": ""MXXXXX"", ""department"": ""Engineering""}",True
156,"{""name"": ""AXXXXXXXXXX"", ""address"": ""[REDACTED_PII]"", ""ip_address"": ""[REDACTED_PII]""}",True
157,"{""kubernetes_pod"": ""api-server-v2"", ""replicas"": 3}",False
158,"{""passport"": ""[REDACTED_PII]"", ""sponsor_required"": false}",True
159,"{""city"": ""Indore"", ""region"": ""Central India""}",False
160,"{""aadhar"": ""3456 XXXX XXXX 9876"", ""iris_scan"": ""verified""}",True
161,"{""email"": ""adXXX@system.com"", ""role"": ""system_admin""}",True
162,"{""name"": ""SXXXXXXXXXXX"", ""email"": ""saXXX@workplace.com"", ""device_id"": ""LAPTOP123""}",True
163,"{""ssl_certificate"": ""valid"", ""expiry"": ""2024-12-31""}",False
164,"{""upi_id"": ""usXXX@okaxis"", ""insurance_linked"": true}",True
165,"{""first_name"": ""NXXX"", ""age_verification"": ""completed""}",True
166,"{""phone"": ""XXXXXXXX90"", ""backup_number"": ""+91-8765432109""}",True
167,"{""monitoring_alert"": ""high_memory_usage"", ""threshold_exceeded"": true}",False
168,"{""name"": ""VXXXXXXXXXXXXX"", ""address"": ""[REDACTED_PII]"", ""phone"": ""XXXXXXXX01""}",True
169,"{""load_balancer"": ""nginx"", ""upstream_servers"": 4}",False
170,"{""passport"": ""[REDACTED_PII]"", ""travel_history"": ""USA,UAE,UK""}",True
171,"{""last_name"": ""PXXXX"", ""blood_group"": ""O+""}",True
173,"{""api_rate_limit"": 1000, ""current_usage"": 245}",False
174,"{""name"": ""AXXXXXXXXXXX"", ""email"": ""anXXX@office.in"", ""ip_address"": ""[REDACTED_PII]""}",True
175,"{""database_connection"": ""mysql"", ""pool_size"": 20}",False
176,"{""upi_id"": ""usXXX@phonepe"", ""balance_inquiry"": true}",True
177,"{""city"": ""Nagpur"", ""timezone"": ""Asia/Kolkata""}",False
178,"{""phone"": ""XXXXXXXX67"", ""international_roaming"": false}",True
179,"{""first_name"": ""RXXXXX"", ""credit_score"": 750}",True
180,"{""name"": ""SXXXXXXXXXX"", ""address"": ""[REDACTED_PII]"", ""email"": ""suXXX@email.org""}",True
181,"{""message_queue"": ""rabbitmq"", ""queue_depth"": 150}",False
182,"{""passport"": ""[REDACTED_PII]"", ""diplomatic_status"": ""[REDACTED_PII]""}",True
183,"{""last_name"": ""YXXXX"", ""experience"": ""5 years""}",True
185,"{""security_scan"": ""passed"", ""vulnerabilities_found"": 0}",False
186,"{""name"": ""RXXXXXXXXX"", ""phone"": ""XXXXXXXX45"", ""email"": ""riXXX@company.com""}",True
187,"{""container_registry"": ""docker_hub"", ""image_version"": ""v1.2.3""}",False
188,"{""upi_id"": ""usXXX@paytm"", ""pin_change_required"": false}",True
189,"{""city"": ""Chandigarh"", ""weather_forecast"": ""sunny""}",False
190,"{""phone"": ""XXXXXXXX34"", ""fiber_connection"": true}",True
191,"{""first_name"": ""MXXXX"", ""vehicle_type"": ""sedan""}",True
192,"{""name"": ""KXXXXXXXXXXXX"", ""address"": ""[REDACTED_PII]"", ""ip_address"": ""[REDACTED_PII]""}",True
193,"{""elastic_search"": ""cluster_healthy"", ""nodes"": 5}",False
194,"{""passport"": ""[REDACTED_PII]"", ""minor_dependent"": false}",True
195,"{""last_name"": ""JXXX"", ""dietary_preference"": ""vegetarian""}",True
196,"{""aadhar"": ""6789 XXXX XXXX 2109"", ""family_head"": true}",True
197,"{""prometheus_metric"": ""http_requests_total"", ""value"": 50000}",False
198,"{""name"": ""AXXXXXXXXXXXXXX"", ""email"": ""abXXX@work.com"", ""device_type"": ""Mobile""}",True
199,"{""grafana_dashboard"": ""system_overview"", ""panels"": 12}",False
200,"{""upi_id"": ""usXXX@unionbank"", ""interest_rate"": 3.5}",True
201,"{""city"": ""Bhopal"", ""air_quality"": ""moderate""}",False
202,"{""phone"": ""XXXXXXXX78"", ""plan_type"": ""postpaid""}",True
203,"{""first_name"": ""SXXXXXX"", ""favorite_color"": ""blue""}",True
204,"{""name"": ""RXXXXXXXXXXXXX"", ""address"": ""[REDACTED_PII]"", ""phone"": ""XXXXXXXX90""}",True
205,"{""jenkins_build"": ""successful"", ""build_number"": 156}",False
207,"{""last_name"": ""CXXXXX"", ""shoe_size"": 9}",True
208,"{""aadhar"": ""7890 XXXX XXXX 3210"", ""nomination_updated"": true}",True
209,"{""terraform_state"": ""applied"", ""resources"": 23}",False
210,"{""name"": ""SXXXXXXXXXXXX"", ""email"": ""shXXX@personal.com"", ""ip_address"": ""[REDACTED_PII]""}",True
211,"{""ansible_playbook"": ""deploy_app"", ""tasks"": 15}",False
212,"{""upi_id"": ""usXXX@ybl"", ""kyc_level"": ""full""}",True
213,"{""city"": ""Vadodara"", ""population"": 1670000}",False
214,"{""phone"": ""XXXXXXXX12"", ""signal_strength"": ""-65dBm""}",True
215,"{""first_name"": ""GXXXXX"", ""t_shirt_size"": ""L""}",True
216,"{""name"": ""MXXXXXXXXXXXX"", ""address"": ""[REDACTED_PII]"", ""email"": ""maXXX@bollywood.com""}",True
217,"{""docker_compose"": ""version_3"", ""services"": 8}",False
218,"{""passport"": ""[REDACTED_PII]"", ""blood_type"": ""A+""}",True
219,"{""last_name"": ""BXXXXX"", ""coffee_preference"": ""cappuccino""}",True
220,"{""aadhar"": ""8901 XXXX XXXX 4321"", ""senior_citizen"": false}",True
221,"{""nagios_check"": ""ok"", ""last_check"": ""2024-01-20T15:30:00Z""}",False
222,"{""name"": ""NXXXXXXXXXXXX"", ""phone"": ""XXXXXXXX90"", ""email"": ""niXXX@tech.in""}",True
223,"{""zabbix_host"": ""web_server_01"", ""status"": ""monitored""}",False
224,"{""upi_id"": ""usXXX@yesbank"", ""gst_registered"": true}",True
225,"{""city"": ""Surat"", ""textile_hub"": true}",False
226,"{""phone"": ""XXXXXXXX12"", ""voicemail_enabled"": ""XXX@unknown.com""}",True
227,"{""first_name"": ""PXXXX"", ""pet_name"": ""BXXXX""}",True
228,"{""name"": ""KXXXXXXXXXX"", ""address"": ""[REDACTED_PII]"", ""ip_address"": ""[REDACTED_PII]""}",True
229,"{""splunk_index"": ""main"", ""events_per_day"": 1000000}",False
230,"{""passport"": ""[REDACTED_PII]"", ""dual_citizenship"": ""[REDACTED_PII]""}",True
231,"{""last_name"": ""AXXXXXX"", ""music_preference"": ""classical""}",True
232,"{""aadhar"": ""9012 XXXX XXXX 5432"", ""disability_certificate"": false}",True
233,"{""elk_stack"": ""7.10.2"", ""log_retention"": ""30_days""}",False
234,"{""name"": ""SXXXXXXXXXX"", ""email"": ""swXXX@university.ac.in"", ""device_id"": ""STU789123""}",True
235,"{""redis_cache"": ""cluster_mode"", ""memory_usage"": ""2.1GB""}",False
236,"{""upi_id"": ""usXXX@paytm"", ""fraud_alert"": false}",True
237,"{""city"": ""Jodhpur"", ""heritage_site"": true}",False
238,"{""phone"": ""XXXXXXXX34"", ""emergency_contact"": ""True""}",True
239,"{""first_name"": ""AXXXX"", ""gaming_preference"": ""FPS""}",True
240,"{""name"": ""GXXXXXXXXXX"", ""address"": ""[REDACTED_PII]"", ""phone"": ""XXXXXXXX57""}",True
241,"{""memcached"": ""1.6.9"", ""hit_ratio"": 0.84}",False
242,"{""passport"": ""[REDACTED_PII]"", ""organ_donor"": true}",True
243,"{""last_name"": ""KXXXXXXX"", ""sports_preference"": ""cricket""}",True
244,"{""aadhar"": ""0123 XXXX XXXX 6543"", ""pan_linked"": true}",True
245,"{""fluentd_buffer"": ""file"", ""buffer_size"": ""256MB""}",False
246,"{""name"": ""TXXXXXXXXX"", ""email"": ""taXXX@startup.io"", ""ip_address"": ""[REDACTED_PII]""}",True
247,"{""haproxy_backend"": ""app_servers"", ""active_servers"": 6}",False
248,"{""upi_id"": ""usXXX@okaxis"", ""reward_points"": 2500}",True
249,"{""city"": ""Agra"", ""monument"": ""Taj Mahal""}",False
250,"{""phone"": ""XXXXXXXX45"", ""data_plan"": ""unlimited""}",True
251,"{""first_name"": ""SXXXXX"", ""zodiac_sign"": ""Leo""}",True
252,"{""name"": ""VXXXXXXXXXXX"", ""address"": ""[REDACTED_PII]"", ""email"": ""vaXXX@actor.com""}",True
253,"{""cassandra_cluster"": ""3_nodes"", ""replication_factor"": 3}",False
254,"{""passport"": ""[REDACTED_PII]"", ""machine_readable"": true}",True
255,"{""last_name"": ""SXXXX"", ""reading_habit"": ""fiction""}",True
256,"{""aadhar"": ""1234 XXXX XXXX 5432"", ""uan_linked"": true}",True
257,"{""neo4j_database"": ""graph_analytics"", ""node_count"": 50000}",False
258,"{""name"": ""RXXXXXXXXXXXXXX"", ""phone"": ""XXXXXXXX10"", ""email"": ""riXXX@film.in""}",True
259,"{""apache_kafka"": ""2.8.0"", ""topics"": 25}",False
260,"{""upi_id"": ""usXXX@ibl"", ""standing_instruction"": true}",True
261,"{""city"": ""Guwahati"", ""tea_capital"": true}",False
262,"{""phone"": ""XXXXXXXX89"", ""hotspot_enabled"": true}",True
263,"{""first_name"": ""TXXXX"", ""dance_form"": ""bharatanatyam""}",True
264,"{""name"": ""SXXXXXXXXXXXXXXX"", ""address"": ""[REDACTED_PII]"", ""ip_address"": ""[REDACTED_PII]""}",True
265,"{""airflow_dag"": ""data_pipeline"", ""schedule_interval"": ""@daily""}",False
266,"{""passport"": ""[REDACTED_PII]"", ""special_endorsement"": false}",True
267,"{""last_name"": ""PXXXXX"", ""cooking_skill"": ""intermediate""}",True
268,"{""aadhar"": ""2345 XXXX XXXX 6543"", ""ration_card_linked"": true}",True
269,"{""spark_cluster"": ""4_workers"", ""memory"": ""16GB""}",False
270,"{""name"": ""AXXXXXXXXX"", ""email"": ""alXXX@bollywood.in"", ""device_type"": ""iPhone""}",True
271,"{""hdfs_replication"": 3, ""block_size"": ""128MB""}",False
272,"{""upi_id"": ""usXXX@ybl"", ""max_transaction_limit"": 200000}",True
273,"{""city"": ""Dehradun"", ""hill_station"": true}",False
274,"{""phone"": ""XXXXXXXX23"", ""call_forwarding"": false}",True
275,"{""first_name"": ""YXXX"", ""favorite_cuisine"": ""Italian""}",True
276,"{""name"": ""DXXXXXXXXXXXXXXX"", ""address"": ""[REDACTED_PII]"", ""phone"": ""XXXXXXXX67""}",True
277,"{""mongodb_replica"": ""primary"", ""oplog_size"": ""2GB""}",False
278,"{""passport"": ""[REDACTED_PII]"", ""chip_enabled"": ""[REDACTED_PII]""}",True
279,"{""last_name"": ""GXXXX"", ""travel_frequency"": ""frequent""}",True
280,"{""aadhar"": ""3456 XXXX XXXX 6543"", ""voter_id_linked"": true}",True
281,"{""postgresql_version"": ""13.4"", ""extensions"": ""postgis,pg_stat_statements""}",False
282,"{""name"": ""RXXXXXXXXXXXX"", ""email"": ""raXXX@movies.com"", ""ip_address"": ""[REDACTED_PII]""}",True
283,"{""consul_cluster"": ""3_agents"", ""leader_election"": true}",False
284,"{""upi_id"": ""usXXX@paytm"", ""mobile_banking"": ""True""}",True
285,"{""city"": ""Shimla"", ""altitude"": ""2205m""}",False
286,"{""phone"": ""XXXXXXXX90"", ""wifi_calling"": true}",True
287,"{""first_name"": ""IXXXXX"", ""language_skills"": ""Hindi,English,French""}",True
288,"{""name"": ""HXXXXXXXXXXXXX"", ""address"": ""[REDACTED_PII]"", ""email"": ""hrXXX@superstar.in""}",True
289,"{""vault_secrets"": ""encrypted"", ""policies"": 8}",False
290,"{""passport"": ""[REDACTED_PII]"", ""photo_biometric"": true}",True
291,"{""last_name"": ""SXXXXX"", ""workout_routine"": ""yoga""}",True
292,"{""aadhar"": ""4567 XXXX XXXX 6543"", ""driving_license_linked"": true}",True
293,"{""kubernetes_ingress"": ""nginx"", ""ssl_termination"": true}",False
294,"{""name"": ""KXXXXXXXXXXX"", ""phone"": ""XXXXXXXX90"", ""email"": ""kaXXX@actress.com""}",True
295,"{""etcd_cluster"": ""healthy"", ""raft_applied_index"": 1000000}",False
296,"{""upi_id"": ""usXXX@okaxis"", ""joint_account"": false}",True
297,"{""city"": ""Manali"", ""skiing_season"": ""winter""}",False
298,"{""phone"": ""XXXXXXXX45"", ""conference_calling"": true}",True
299,"{""first_name"": ""NXXXX"", ""programming_language"": ""Python""}",True
300,"{""name"": ""PXXXXXXXXXXXXXX"", ""address"": ""[REDACTED_PII]"", ""ip_address"": ""[REDACTED_PII]""}",True
301,"{""istio_mesh"": ""enabled"", ""sidecar_injection"": true}",False
302,"{""passport"": ""[REDACTED_PII]"", ""rfid_enabled"": true}",True
303,"{""last_name"": ""TXXXXX"", ""meditation_practice"": ""mindfulness""}",True
304,"{""aadhar"": ""5678 XXXX XXXX 2109"", ""health_insurance_linked"": true}",True
305,"{""linkerd_proxy"": ""stable-2.11.1"", ""success_rate"": 99.9}",False
306,"{""name"": ""AXXXXXXXXXXX"", ""email"": ""akXXX@actionhero.in"", ""device_id"": ""ACTOR123""}",True
307,"{""opentelemetry"": ""enabled"", ""traces_per_second"": 1000}",False
308,"{""upi_id"": ""usXXX@ybl"", ""credit_card_linked"": true}",True
309,"{""city"": ""Ooty"", ""tea_gardens"": true}",False
310,"{""phone"": ""XXXXXXXX78"", ""5g_enabled"": true}",True
311,"{""first_name"": ""SXXXX"", ""fitness_goal"": ""weight_loss""}",True
312,"{""name"": ""SXXXXXXXXXX"", ""address"": ""[REDACTED_PII]"", ""phone"": ""XXXXXXXX80""}",True
313,"{""jaeger_tracing"": ""distributed"", ""spans_collected"": 50000}",False
314,"{""passport"": ""[REDACTED_PII]"", ""biometric_exit"": true}",True
315,"{""last_name"": ""MXXXXXX"", ""hobby"": ""painting""}",True
316,"{""aadhar"": ""6789 XXXX XXXX 3210"", ""life_insurance_linked"": true}",True
317,"{""zipkin_spans"": ""[REDACTED_PII]"", ""sampling_rate"": 0.1}",True
318,"{""name"": ""AXXXXXXXXX"", ""email"": ""aaXXX@perfectionist.com"", ""ip_address"": ""[REDACTED_PII]""}",True
319,"{""flagger_canary"": ""progressive"", ""success_threshold"": 99}",False
320,"{""upi_id"": ""usXXX@paytm"", ""fixed_deposit_linked"": true}",True
321,"{""city"": ""Nainital"", ""lake_city"": true}",False
322,"{""phone"": ""XXXXXXXX01"", ""volte_enabled"": true}",True
323,"{""first_name"": ""RXXXX"", ""investment_portfolio"": ""balanced""}",True
324,"{""name"": ""SXXXXXXXXXXXXX"", ""address"": ""[REDACTED_PII]"", ""email"": ""srXXX@kingkhan.in""}",True
325,"{""argo_cd"": ""v2.4.0"", ""applications"": 15}",False
326,"{""passport"": ""[REDACTED_PII]"", ""fast_track_eligible"": true}",True
327,"{""last_name"": ""VXXXX"", ""social_media"": ""LinkedIn""}",True
328,"{""order_id"": ""ORD123456"", ""product_category"": ""Electronics"", ""status"": ""delivered""}",False
329,"{""transaction_id"": ""TXN789012"", ""payment_method"": ""credit_card"", ""amount"": 15000}",False
330,"{""product_sku"": ""SKU456789"", ""brand"": ""Samsung"", ""rating"": 4.5}",False
331,"{""campaign_id"": ""CAM123"", ""click_rate"": 0.045, ""conversion"": 0.12}",False
332,"{""session_id"": ""SESS456"", ""page_views"": 8, ""bounce_rate"": 0.25}",False
333,"{""warehouse_code"": ""WH001"", ""inventory_level"": 150, ""reorder_point"": 50}",False
334,"{""coupon_code"": ""SAVE20"", ""discount_percentage"": 20, ""usage_limit"": 1000}",False
335,"{""api_key"": ""API789"", ""requests_per_minute"": 500, ""quota_exceeded"": false}",False
336,"{""batch_id"": ""BATCH123"", ""processed_records"": 50000, ""error_count"": 12}",False
337,"{""log_entry"": ""INFO"", ""timestamp"": ""2024-01-20T10:30:00Z"", ""module"": ""payment_service""}",False
338,"{""metric_name"": ""rXXXXXXXXXXXX"", ""value"": 120, ""unit"": ""milliseconds""}",True
339,"{""feature_flag"": ""new_checkout"", ""enabled"": true, ""rollout_percentage"": 50}",False
340,"{""service_name"": ""uXXXXXXXXXXX"", ""version"": ""v2.1.0"", ""health_status"": ""healthy""}",True
341,"{""database_name"": ""pXXXXXX"", ""connection_pool"": 20, ""active_connections"": 15}",True
342,"{""queue_name"": ""oXXXXXXXXXXXXXXX"", ""message_count"": 245, ""consumers"": 3}",True
343,"{""cache_key"": ""user_profile_123"", ""ttl"": 3600, ""hit_ratio"": 0.85}",False
344,"{""deployment_id"": ""DEP456"", ""environment"": ""production"", ""rollback_available"": true}",False
345,"{""alert_id"": ""ALT789"", ""severity"": ""warning"", ""acknowledged"": false}",False
346,"{""backup_id"": ""BAK123"", ""size"": ""2.5GB"", ""verification"": ""passed""}",False
347,"{""test_suite"": ""integration_tests"", ""passed"": 145, ""failed"": 3}",False
348,"{""build_number"": ""BUILD789"", ""commit_hash"": ""abc123def"", ""deployment_time"": ""2024-01-20T14:25:00Z""}",False
349,"{""region"": ""ap-south-1"", ""availability_zone"": ""ap-south-1a"", ""instance_type"": ""t3.medium""}",False
350,"{""security_scan"": ""vulnerability_assessment"", ""high_risk"": 0, ""medium_risk"": 2}",False
351,"{""load_balancer"": ""ALB"", ""target_groups"": 2, ""healthy_targets"": 6}",False
352,"{""cdn_provider"": ""CloudFront"", ""cache_hit_ratio"": 0.92, ""origin_requests"": 1500}",False
353,"{""ssl_certificate"": ""wildcard"", ""issuer"": ""Let's Encrypt"", ""expiry"": ""2024-12-31""}",False
354,"{""monitoring_dashboard"": ""system_overview"", ""widgets"": 12, ""refresh_interval"": 30}",False
355,"{""compliance_check"": ""gdpr"", ""status"": ""compliant"", ""last_audit"": ""2024-01-01""}",False
356,"{""machine_learning_model"": ""recommendation_engine"", ""accuracy"": 0.89, ""training_data"": ""1M_samples""}",False
357,"{""data_pipeline"": ""[REDACTED_PII]"", ""source"": ""mongodb"", ""destination"": ""data_warehouse""}",True
358,"{""kubernetes_pod"": ""api-deployment-abc123"", ""cpu_usage"": ""65%"", ""memory_usage"": ""512MB""}",False
359,"{""docker_image"": ""app:v1.2.3"", ""size"": ""150MB"", ""layers"": 8}",False
360,"{""git_branch"": ""feature/new-ui"", ""commits_ahead"": 5, ""merge_conflicts"": false}",False
361,"{""network_interface"": ""eth0"", ""bytes_in"": 1048576, ""bytes_out"": 524288}",False
362,"{""file_system"": ""/dev/sda1"", ""total_space"": ""100GB"", ""free_space"": ""25GB""}",False
363,"{""process_id"": ""12345"", ""cpu_time"": ""2.5s"", ""memory_usage"": ""256MB""}",False
364,"{""thread_pool"": ""worker_threads"", ""active_threads"": 8, ""queue_size"": 15}",False
365,"{""garbage_collection"": ""G1GC"", ""pause_time"": ""10ms"", ""frequency"": ""every_30s""}",False
366,"{""connection_string"": ""postgresql://localhost:5432/app_db"", ""max_connections"": 100, ""current_connections"": 45}",False
367,"{""search_index"": ""products_v2"", ""document_count"": 1000000, ""size"": ""2.1GB""}",False
368,"{""message_broker"": ""RabbitMQ"", ""exchange_type"": ""topic"", ""routing_key"": ""order.created""}",False
369,"{""streaming_platform"": ""Apache Kafka"", ""partition_count"": 12, ""replication_factor"": 3}",False
370,"{""container_orchestrator"": ""Kubernetes"", ""namespace"": ""pXXXXXXXXX"", ""pod_count"": 25}",True
371,"{""microservice_architecture"": ""event_driven"", ""service_count"": 15, ""communication"": ""async""}",False
372,"{""api_gateway"": ""Kong"", ""rate_limiting"": ""1000_rpm"", ""authentication"": ""JWT""}",False
373,"{""service_mesh"": ""Istio"", ""sidecar_proxy"": ""Envoy"", ""mTLS_enabled"": true}",False
374,"{""observability_stack"": ""ELK"", ""log_retention"": ""30_days"", ""alert_rules"": 25}",False
375,"{""aadhar"": ""7890 XXXX XXXX 6781"", ""address_verification"": ""[REDACTED_PII]"", ""timestamp"": ""2024-01-20T09:15:00Z""}",True
376,"{""name"": ""AXXXXXXXXXXX"", ""email"": ""arXXX@film.in"", ""address"": ""[REDACTED_PII]""}",True
377,"{""phone"": ""XXXXXXXX10"", ""carrier_name"": ""AXXXXX"", ""plan_type"": ""postpaid""}",True
378,"{""upi_id"": ""usXXX@paytm"", ""linked_bank"": ""HDFC Bank"", ""kyc_status"": ""verified""}",True
379,"{""passport"": ""[REDACTED_PII]"", ""issue_place"": ""Mumbai"", ""validity"": ""10_years""}",True
380,"{""name"": ""SXXXXXXXXXX"", ""phone"": ""XXXXXXXX09"", ""email"": ""soXXX@personal.in"", ""device_type"": ""Android""}",True
381,"{""aadhar"": ""8901 XXXX XXXX 7890"", ""biometric_status"": ""locked"", ""unlock_required"": true}",True
382,"{""name"": ""VXXXXXXXXXXX"", ""address"": ""[REDACTED_PII]"", ""ip_address"": ""[REDACTED_PII]""}",True
383,"{""phone"": ""XXXXXXXX98"", ""international_code"": ""+91"", ""verified"": true}",True
384,"{""upi_id"": ""usXXX@okaxis"", ""transaction_pin"": ""set"", ""daily_limit"": 100000}",True
385,"{""passport"": ""[REDACTED_PII]"", ""photo_updated"": ""2024-01-15"", ""pages_left"": 32}",True
386,"{""name"": ""MXXXXXXXXXXX"", ""email"": ""meXXX@office.com"", ""department"": ""HR""}",True
387,"{""aadhar"": ""9012 XXXX XXXX 8901"", ""mobile_verification"": ""pending"", ""otp_sent"": true}",True
388,"{""name"": ""RXXXXXXXXXXX"", ""address"": ""[REDACTED_PII]"", ""phone"": ""XXXXXXXX67""}",True
389,"{""phone"": ""XXXXXXXX45"", ""sms_service"": ""enabled"", ""promotional_consent"": false}",True
390,"{""upi_id"": ""usXXX@ybl"", ""beneficiary_limit"": 20, ""recent_transaction"": ""2024-01-20""}",True
391,"{""passport"": ""[REDACTED_PII]"", ""emergency_contact_name"": ""Priya Shetty"", ""relationship"": ""[REDACTED_PII]""}",True
392,"{""name"": ""KXXXXXXXXXXXXX"", ""email"": ""kaXXX@actress.in"", ""ip_address"": ""[REDACTED_PII]""}",True
393,"{""aadhar"": ""0123 XXXX XXXX 9012"", ""demographic_auth"": ""success"", ""attempt_count"": 1}",True
394,"{""name"": ""AXXXXXXXXXX"", ""address"": ""[REDACTED_PII]"", ""email"": ""ajXXX@action.com""}",True
395,"{""phone"": ""XXXXXXXX01"", ""call_log_consent"": true, ""privacy_setting"": ""medium""}",True
396,"{""upi_id"": ""usXXX@icici"", ""merchant_payments"": 15, ""last_settlement"": ""2024-01-19""}",True
397,"{""passport"": ""[REDACTED_PII]"", ""visa_pages"": 8, ""endorsement_pages"": 2}",True
398,"{""name"": ""TXXXXXXXX"", ""phone"": ""XXXXXXXX89"", ""email"": ""taXXX@versatile.in""}",True
399,"{""aadhar"": ""1234 XXXX XXXX 0123"", ""bank_seeding"": ""completed"", ""subsidy_linked"": true}",True
400,"{""name"": ""NXXXXXXXXXXXXXXXXXX"", ""address"": ""[REDACTED_PII]"", ""ip_address"": ""[REDACTED_PII]""}",True
401,"{""phone"": ""XXXXXXXX56"", ""roaming_activated"": true, ""international_plan"": ""active""}",True
402,"{""upi_id"": ""usXXX@sbi"", ""family_account"": true, ""members_linked"": 4}",True
403,"{""passport"": ""[REDACTED_PII]"", ""chip_technology"": ""[REDACTED_PII]"", ""security_features"": ""enhanced""}",True
404,"{""name"": ""KXXXXXXXXXX"", ""email"": ""koXXX@independent.in"", ""device_id"": ""IPHONE789""}",True
405,"{""aadhar"": ""2345 XXXX XXXX 1234"", ""disability_flag"": false, ""senior_citizen"": false}",True
406,"{""name"": ""IXXXXXXXXXX"", ""address"": ""[REDACTED_PII]"", ""phone"": ""XXXXXXXX78""}",True
407,"{""phone"": ""XXXXXXXX34"", ""caller_tune"": ""enabled"", ""ringback_tone"": ""bollywood_classic""}",True
408,"{""upi_id"": ""usXXX@phonepe"", ""insurance_premium"": ""auto_debit"", ""policy_linked"": true}",True
409,"{""passport"": ""[REDACTED_PII]"", ""place_of_birth"": ""Mumbai"", ""spouse_name"": ""SXXXXXXXXXXXX""}",True
410,"{""name"": ""PXXXXXXXXXXXXXX"", ""email"": ""paXXX@character.in"", ""ip_address"": ""[REDACTED_PII]""}",True
411,"{""aadhar"": ""3456 XXXX XXXX 2345"", ""rural_address"": ""[REDACTED_PII]"", ""urban_classification"": true}",True
412,"{""name"": ""RXXXXXXXXXXX"", ""address"": ""[REDACTED_PII]"", ""email"": ""raXXX@bold.com""}",True
413,"{""phone"": ""XXXXXXXX12"", ""missed_call_alert"": true, ""call_waiting"": ""enabled""}",True
414,"{""upi_id"": ""usXXX@unionbank"", ""loan_emi"": ""auto_pay"", ""next_due"": ""2024-02-01""}",True
415,"{""passport"": ""[REDACTED_PII]"", ""frequent_traveler"": true, ""miles_accumulated"": 50000}",True
416,"{""name"": ""AXXXXXXXXXXXXXXXXX"", ""phone"": ""XXXXXXXX01"", ""email"": ""ayXXX@versatile.in""}",True
417,"{""aadhar"": ""4567 XXXX XXXX 3456"", ""health_id"": ""linked"", ""vaccination_status"": ""fully_vaccinated""}",True
418,"{""name"": ""BXXXXXXXXXXXXX"", ""address"": ""[REDACTED_PII]"", ""ip_address"": ""[REDACTED_PII]""}",True
419,"{""phone"": ""XXXXXXXX34"", ""network_type"": ""4G"", ""data_usage"": ""15GB_monthly""}",True
420,"{""upi_id"": ""usXXX@kotak"", ""savings_goal"": ""home_purchase"", ""target_amount"": 5000000}",True
421,"{""passport"": ""[REDACTED_PII]"", ""digital_copy"": ""available"", ""qr_code"": ""generated""}",True
422,"{""name"": ""RXXXXXXXXXXXX"", ""email"": ""raXXX@method.in"", ""device_type"": ""Samsung""}",True
423,"{""aadhar"": ""5678 XXXX XXXX 4567"", ""aadhaar_pay"": ""enabled"", ""micro_atm"": ""registered""}",True
424,"{""name"": ""KXXXXXXXXXX"", ""address"": ""[REDACTED_PII]"", ""phone"": ""XXXXXXXX45""}",True
425,"{""phone"": ""XXXXXXXX45"", ""backup_sim"": ""inactive"", ""primary_number"": true}",True
426,"{""upi_id"": ""usXXX@yesbank"", ""credit_score_check"": ""monthly"", ""current_score"": 785}",True
427,"{""passport"": ""[REDACTED_PII]"", ""biometric_data"": ""encrypted"", ""facial_recognition"": true}",True
428,"{""name"": ""KXXXXXXXXXXXX"", ""email"": ""kaXXX@comedy.in"", ""ip_address"": ""[REDACTED_PII]""}",True
429,"{""aadhar"": ""6789 XXXX XXXX 5678"", ""consent_manager"": ""registered"", ""data_sharing"": ""limited""}",True
430,"{""name"": ""AXXXXXXXXXXXX"", ""address"": ""[REDACTED_PII]"", ""email"": ""anXXX@gen_z.com""}",True
431,"{""phone"": ""XXXXXXXX56"", ""video_calling"": true, ""screen_sharing"": ""enabled""}",True
432,"{""upi_id"": ""usXXX@hdfcbank"", ""student_account"": true, ""education_loan"": ""linked""}",True
433,"{""passport"": ""[REDACTED_PII]"", ""minor_passport"": ""[REDACTED_PII]"", ""guardian_details"": ""not_applicable""}",True
434,"{""name"": ""TXXXXXXXXXXX"", ""phone"": ""XXXXXXXX67"", ""email"": ""tiXXX@action.in""}",True
435,"{""aadhar"": ""7890 XXXX XXXX 6789"", ""fitness_tracker"": ""linked"", ""health_records"": ""digital""}",True
436,"{""name"": ""DXXXXXXXXXXX"", ""address"": ""[REDACTED_PII]"", ""ip_address"": ""[REDACTED_PII]""}",True
437,"{""phone"": ""XXXXXXXX78"", ""ai_assistant"": ""enabled"", ""voice_recognition"": true}",True
438,"{""upi_id"": ""usXXX@axis"", ""fashion_expenses"": ""tracked"", ""budget_alert"": true}",True
439,"{""passport"": ""[REDACTED_PII]"", ""travel_insurance"": ""comprehensive"", ""coverage"": ""worldwide""}",True
440,"{""name"": ""VXXXXXXXXXXXX"", ""email"": ""viXXX@intense.in"", ""device_id"": ""ONEPLUS123""}",True
441,"{""aadhar"": ""8901 XXXX XXXX 7890"", ""military_service"": ""eligible"", ""ncc_certificate"": true}",True
442,"{""name"": ""KXXXXXXXXXXX"", ""address"": ""[REDACTED_PII]"", ""phone"": ""XXXXXXXX90""}",True
443,"{""phone"": ""XXXXXXXX90"", ""conference_call"": ""premium"", ""participants_limit"": ""[REDACTED_PII]""}",True
444,"{""upi_id"": ""usXXX@indianbank"", ""jewelry_insurance"": ""active"", ""premium"": ""monthly""}",True
445,"{""passport"": ""[REDACTED_PII]"", ""diplomatic_immunity"": ""[REDACTED_PII]"", ""official_travel"": ""business""}",True
446,"{""name"": ""SXXXXXXXXXXXXXXXX"", ""email"": ""siXXX@romantic.in"", ""ip_address"": ""[REDACTED_PII]""}",True
447,"{""aadhar"": ""9012 XXXX XXXX 8901"", ""property_registration"": ""linked"", ""stamp_duty"": ""paid""}",True
448,"{""name"": ""SXXXXXXXXXXXXXX"", ""address"": ""[REDACTED_PII]"", ""email"": ""shXXX@melodious.com""}",True
449,"{""phone"": ""XXXXXXXX12"", ""music_streaming"": ""premium"", ""offline_downloads"": 500}",True
450,"{""upi_id"": ""usXXX@pnb"", ""concert_tickets"": ""auto_book"", ""artist_alerts"": true}",True
451,"{""passport"": ""[REDACTED_PII]"", ""artist_visa"": ""multi_entry"", ""performance_permit"": true}",True
452,"{""name"": ""VXXXXXXXXXXX"", ""phone"": ""XXXXXXXX12"", ""email"": ""vaXXX@comedy.in""}",True
453,"{""aadhar"": ""0123 XXXX XXXX 9012"", ""comedy_club"": ""member"", ""performance_rights"": ""registered""}",True
454,"{""name"": ""JXXXXXXXXXXXX"", ""address"": ""[REDACTED_PII]"", ""ip_address"": ""[REDACTED_PII]""}",True
455,"{""phone"": ""XXXXXXXX23"", ""fashion_alerts"": true, ""brand_notifications"": ""selective""}",True
456,"{""upi_id"": ""usXXX@canara"", ""designer_payments"": ""frequent"", ""luxury_limit"": 1000000}",True
457,"{""passport"": ""[REDACTED_PII]"", ""fashion_week"": ""participant"", ""designer_collaboration"": true}",True
458,"{""name"": ""AXXXXXXXXXX"", ""email"": ""arXXX@intense.in"", ""device_type"": ""OnePlus""}",True
459,"{""aadhar"": ""1234 XXXX XXXX 0123"", ""medical_college"": ""alumni"", ""practicing_license"": ""valid""}",True
460,"{""name"": ""RXXXXXXXXXXXXXXXX"", ""address"": ""[REDACTED_PII]"", ""phone"": ""XXXXXXXX34""}",True
461,"{""phone"": ""XXXXXXXX56"", ""regional_content"": ""Telugu"", ""dubbing_preference"": ""original""}",True
462,"{""upi_id"": ""usXXX@sbi"", ""south_cinema"": ""promotions"", ""fan_engagement"": ""high""}",True
463,"{""passport"": ""[REDACTED_PII]"", ""regional_cinema"": ""ambassador"", ""cultural_exchange"": true}",True
464,"{""name"": ""AXXXXXXXXX"", ""email"": ""alXXX@stylish.in"", ""ip_address"": ""[REDACTED_PII]""}",True
465,"{""aadhar"": ""2345 XXXX XXXX 1234"", ""dance_academy"": ""owner"", ""choreography_rights"": ""exclusive""}",True
466,"{""name"": ""SXXXXXXXXXXXXXXXX"", ""address"": ""[REDACTED_PII]"", ""email"": ""saXXX@versatile.in""}",True
467,"{""phone"": ""XXXXXXXX67"", ""charity_work"": ""active"", ""foundation_calls"": ""priority""}",True
468,"{""upi_id"": ""usXXX@hdfc"", ""donation_auto"": ""monthly"", ""cause"": ""women_empowerment""}",True
469,"{""passport"": ""[REDACTED_PII]"", ""humanitarian_visa"": ""active"", ""ngo_collaboration"": true}",True
470,"{""name"": ""RXXXXXXXXX"", ""phone"": ""XXXXXXXX90"", ""email"": ""raXXX@megastar.in""}",True
471,"{""aadhar"": ""3456 XXXX XXXX 2345"", ""horse_racing"": ""license"", ""stable_owner"": true}",True
472,"{""name"": ""JXXXXX"", ""address"": ""[REDACTED_PII]"", ""ip_address"": ""[REDACTED_PII]""}",True
473,"{""phone"": ""XXXXXXXX01"", ""political_updates"": ""subscribed"", ""rally_notifications"": true}",True
474,"{""upi_id"": ""usXXX@andhra"", ""political_donations"": ""transparent"", ""party_fund"": ""contributor""}",True
475,"{""passport"": ""[REDACTED_PII]"", ""political_visa"": ""diplomatic"", ""state_visits"": ""official""}",True
476,"{""name"": ""MXXXXXXXXXX"", ""email"": ""maXXX@superstar.in"", ""device_id"": ""PRINCE123""}",True
477,"{""aadhar"": ""4567 XXXX XXXX 3456"", ""production_house"": ""owner"", ""film_financing"": ""independent""}",True
478,"{""name"": ""PXXXXXXXXXXX"", ""address"": ""[REDACTED_PII]"", ""phone"": ""XXXXXXXX12""}",True
479,"{""phone"": ""XXXXXXXX34"", ""pan_india"": ""stardom"", ""multilingual_alerts"": true}",True
480,"{""upi_id"": ""usXXX@federal"", ""movie_budget"": ""international"", ""currency"": ""multi""}",True
481,"{""passport"": ""[REDACTED_PII]"", ""international_filming"": ""permitted"", ""visa_facilitation"": true}",True
482,"{""name"": ""RXXXXXXXXXXXXX"", ""email"": ""raXXX@versatile.in"", ""ip_address"": ""[REDACTED_PII]""}",True
483,"{""aadhar"": ""5678 XXXX XXXX 4567"", ""visual_effects"": ""studio_owner"", ""technology_innovator"": true}",True
484,"{""name"": ""AXXXXXXXXXXXXX"", ""address"": ""[REDACTED_PII]"", ""email"": ""anXXX@baahubali.in""}",True
485,"{""phone"": ""XXXXXXXX23"", ""fitness_regime"": ""strict"", ""trainer_calls"": ""daily""}",True
486,"{""upi_id"": ""usXXX@karnataka"", ""fitness_equipment"": ""[REDACTED_PII]"", ""health_monitoring"": ""advanced""}",True
487,"{""passport"": ""[REDACTED_PII]"", ""fitness_travel"": ""wellness"", ""spa_treatments"": ""international""}",True
488,"{""name"": ""TXXXXXXXXXXXXXXX"", ""phone"": ""XXXXXXXX45"", ""email"": ""taXXX@glamorous.in""}",True
489,"{""aadhar"": ""6789 XXXX XXXX 5678"", ""brand_ambassador"": ""multiple"", ""endorsement_value"": ""premium""}",True
490,"{""name"": ""KXXXXXXXXXXXXX"", ""address"": ""[REDACTED_PII]"", ""ip_address"": ""[REDACTED_PII]""}",True
491,"{""phone"": ""XXXXXXXX89"", ""punjabi_connection"": ""cultural"", ""regional_films"": ""multilingual""}",True
492,"{""upi_id"": ""usXXX@punjab"", ""cultural_events"": ""sponsor"", ""heritage_preservation"": ""donor""}",True
493,"{""passport"": ""[REDACTED_PII]"", ""cultural_ambassador"": ""official"", ""international_events"": ""participant""}",True
494,"{""name"": ""RXXXXXXXXXXXXXXXX"", ""email"": ""raXXX@fitness.in"", ""device_type"": ""iPhone_Pro""}",True
495,"{""aadhar"": ""7890 XXXX XXXX 6789"", ""fitness_influencer"": ""certified"", ""wellness_brand"": ""founder""}",True
496,"{""name"": ""PXXXXXXXXXX"", ""address"": ""[REDACTED_PII]"", ""phone"": ""XXXXXXXX90""}",True
497,"{""phone"": ""XXXXXXXX56"", ""dance_choreography"": ""skilled"", ""performance_rights"": ""exclusive""}",True
498,"{""upi_id"": ""usXXX@maharashtra"", ""dance_academy"": ""investment"", ""cultural_promotion"": ""active""}",True
499,"{""passport"": ""[REDACTED_PII]"", ""dance_festivals"": ""judge"", ""international_recognition"": true}",True
500,"{""name"": ""RXXXXXXXXXXXXXXX"", ""email"": ""reXXX@multilingual.in"", ""ip_address"": ""[REDACTED_PII]""}",True
